Sequence,Length
KWKLFKKIGIGAVLKVLTTGLPALIS,26
QCRRLCYKQRCVTYCRGR,18
KWKLFKKIGAVLKVL,15
GLLKRIKTLL,10
AC-KWKLFKKIGAVLKVL,18
ALWKTLLKKVLKAAAKAALKAVLVGANA,28
ALWMTLLKKVLKAAAKAALNAVLVGANA,28
ILPWKWPWWPWRR,13
SLSRYAKLANRLANPKLLETFLSKWIG,27
PKLLKTFLSKWK,12
IIKKFLHSIWKFGKAFVGEIMNI,23
GIKKFLHIIWKFIKAFVGEIMNS,23
GIGKWLHSAKKFGKAFVGEIMNS,23
FLPLIGRVLSGIL,13
LLPIVGNLLKSLL,13
ALWKTLLKKVLKA,13
PROPIONYL-ALWKTLLKKVLKA,23
AMINOHEPTANOYL-ALWKTLLKKVLKA,28
AMINOBUTYRYL-ALWKTLLKKVLKA,26
GIGKFLKKAKKFGKAFVKILKK,22
IIGPVLGLVGSALGGLLKKI,20
GLWSTIKNVGKEAAIAAGKAALGAL,25
GLWSTIKQKGKEAAIAAAKAAGQAALGAL,29
ATACVC,6
ATTCVC,6
SLLSLIRKLIT,11
DSHAKRHHGYKRKFHEKHHSHRGY,24
KRLFKKLLFSLRKY,14
VFQFLGKIIHHVGNFVHGFSHVF,23
FLSGIVGMLGKLF,13
RKYMAYLRVLCKK,13
KKYRYHLKPLCKK,13
ALWKTMLKKLGTMALHAGKAALGAAADTI,29
ALWKTMLKKLGTMALHAG,18
ALWKTMLKKLGTMAL,15
ALWKTMLKKLGTMA,14
ALWKTMLKKLGTM,13
ALWKTMLKKLGT,12
GRFKRFRKKFKKLFKKLS,18
FLSLIPHAINAVSAIAKHN,19
GGLRSLGRKILRAWKKYGPIIVPIIRIG,28
VFIDILDKMENAIHKAAQAGIG,22
SWLSKTAKKLENSAKKRISEGIAIAQGPR,29
GIGAVLTTGLPALISWIKRKRQQ,23
KWCFRVCYRGICYRRC,16
PRRRRSSSRP,10
VRRRRRPR,8
VSRRRRRRGGRRRR,14
LNLKGIFKKVASLLT,15
LNLKGLIKKVASLLN,15
LNLKGLFKKVASLLT,15
INLLKIAKGIIKSL,14
FDIMGLIKKVAGAL,14
FDVMGIIKKIAGAL,14
FKCRRWQWRMKKLG,14
DLIWKLLSKAQEKFGKNKSR,20
FKCRRWQWRMKKLGKGLKKMRWQWRRCKF,29
ALYKKFKKKLLKSLKRLG,18
A-ANTHRYLALA-YKKFKKKLLKSLKRLG,29
FLSLIPHIVSGVASLAKHFG,20
FLSLIPHIVSGVASIAKHFG,20
FLSMIPHIVSGVAALAKHLG,20
GLWSTIKNVAAAAGKAALGAL,21
FLSLLPSLVSGAVSLVKK,18
FLSLIPTAINAVSALAKHF,19
FLSLIPHAINAVSAIAKHF,19
HVDKKVADKVLLLKQLRIMRLLTRL,25
FLPAALAGIGGILGKLF,17
CYCLIC,6
FVQWFSKFLGRIL,13
FLPLIGKVLSGIL,13
GVIDIIKGAGKDLIAHAIGKLAEKV,25
GVFDIIKDAGKQLVAHAMGKIAEKV,25
GVFDIIKDAGKQLVAHATGKIAEK,24
GVFDIIKDAGRQLVAHAMGKIAEKV,25
GVFDIIKGAGKQLIAHAMGKIAEKV,25
ALWKTLLKKVLKAAAKAAKNAVLVGANA,28
RRWIRVAVILRV,12
VRLIVAVRIWRR,12
RRWRIVVIRVRR,12
KIKIPWGKVKDFLVGGMKAV,20
MAAKYN,6
FLKGIVGMLGKLF,13
RRRRRRRRR PKIIQSVGISNLKNL,25
PKIIQSVGISNLKNL RRRRRRRRR,25
GRKKRRQRRRPPQ PKIIQSVGISNLKN,28
RRRRRRRRR (R9),14
GRKKRRQRRRPPQ (TAT),19
RRRRRRRRR KMGISSMVQPKII,23
LKLLGIVKKVLGAI,14
LKLMGIVKKVLGAL,14
WKLFKKILKVL,11
KKYKAYFKFKCKK,13
RRYRAYFRFRCRR,13
GFLDIVKGVGKVALGAVSKLF,21
GFLDVIKHVGKAALGVVTHLINQ,23
GFLDVVKHIGKAALGAVTHLINQ,23
FLPALAGIAGLLGKIF,16
PFKISIHL,8
ALWKTLLKKVLKAAAK,16
GIGKFLHSAKKFGKAFVGEIMNS,23
KWKLFKXIGAVLKVL,15
XWKLFKKIGAVLKVL,15
GKPRPYSPRPTSHPRPIRV,19
TLLKKVLKAAAK,12
KVLKAAAKAALNAVLVGANA,20
ALWKTLLKKV,10
HPLKQYWWRPSI,12
GIGAVLKVLTTGLPALISWIKRKRQQ,26
XCRRLCYKQRCVTYCRGR,18
HRHQGPIFDTRPSPFNPNQPRPGPIY,26
ALWKNMLKGIGKLAGKAALGAVKKLVGAES,30
KRFGRLAKSFLRMRILLPRRKILLAS,26
FLSLIPHAINAVSTLVHHSG,20
FLSLIPHAINAVSAIAKHS,19
VXLFPVXLFP,10
KKALLXHALHXLALLAXHLAHXLKKA,26
KKALLXHPLHXLALLAXHLAHXLKKA,26
AKKLXHALHXALLALXHLAHXLLAKK,26
AKKLXHALHXALLALXHLPHXLKKFF,26
KILRGVCKKIMRTFLRRISKDILTGKK,27
KWKLFKKGIGAVLKV,15
KWKLFKKGAVLKVLT,15
KWKLFKKAVLKVLTT,15
KWKLFKKVLKVLTTG,15
KWKLFKKLKVLTTGL,15
FDVMGIIKKIASAL,14
FLPIVTNLLSGLL,13
FLSHIAGFLSNLF,13
KWCFRVCYRGICYRRCR,17
GRPMGHQAIETGLNIFRGLFKGKKKNKKTK,30
GLFKGKKKNKKTK,13
PRLKVYLPRYKVYSTAAGRYQLLSRYW,27
KVYLPRYKVYSTAAGRYQLL,20
AAGRYQLLSRYWDAYR,16
CGGWHRLRC,9
CGGWKRKRC,9
CGGYCGGWHRLRCTSYRCG,19
CGGYCGGWKRKRCTSYRCG,19
KWKLFKKIEKVGQGIGAVLKVLTTGL,26
KWKLLKKIGAVLKVL,15
KWKLFKKVLKVL,12
KWKLFKKILKVL,12
WKKLFKKLKIL,11
KWKLLLLLLKWK,12
KLKLLLLLKLK,11
RLYLRIGRR,9
RLRLRIGRR,9
ALYLAIRRR,9
RLLLRIGRR,9
AKGFAANHS,9
GIGKFLKKAKKFGKAFVKMKK,21
SIGRRGGYCAGIIKQTCTCYR,21
GVWSTVLGGLKKFAKGGLEAIVNPK,25
FFFLSRIF,8
FPFFNQYVXL,10
FLGALWNVAKSVF,13
FLSLIPHIVSGVASIAKHF,19
LLGMIPVAISAISALSKL,18
LYKKIIKKLLES,12
LYAKIIKKLLES,12
LYAAIIKKLLES,12
LYAAIIAKLLES,12
GFIFHIIKGLFHAGKMIHGLV,21
GRGREFMSNLKEKLSGVKEKMKNS,24
VKLIQIRIWIQYVTVLQMFSMKTKQ,25
RCLPAGKTCVRGPMRVPCCGSCSQNKCT,28
KKLALLALKKWLLALKKLALLALKK,25
KKLALALAKKWLALAKKLALALAKK,25
KKLALALAKKWLPLAKKLALALAKK,25
KKLALHALKKWLHALKKLAHLALKK,25
KKALAHALKKWLPALKKLAHALAKK,25
KKALAKALKHWLPALHKLAKALAKK,25
KKALKHALAKWLPALKALAHKLAKK,25
KWXLFKKIGAVLKVL,15
KWKLFXKIGAVLKVL,15
KWKLFKKIGAVLXVL,15
XWXLFKKIGAVLKVL,15
KWXLFXKIGAVLKVL,15
KWKLFXXIGAVLKVL,15
XWKLFKKIGAVLXVL,15
XWXLFXXIGAVLXVL,15
VSAVAKVAMKKGAALLKKMGVKISPLK,27
KQLKKVSAVAKVAMKKGAALLKKMGVK,27
VGKVLKQLKKVSAVAKVAMKKGAALLK,27
KFGKIVGKVLKQLKKVSAVAKVAMKKG,27
GKVLDKFGKIVGKVLKQLKKVSAVAKV,27
FKIKPGKVLDKFGKIVGKVLKQLKKVS,27
GILKTIKSIASKVANTVQKLKRKAKNAVA,29
GILKTIKSIASKVANTVQKLKRKAKNAV,28
GILNTIKSIASKLKRKAK,18
KGIVGMLGKLF,11
AGYLLGKINLKALAALAKKIL,21
XALWKTLLKKVLKA,14
FIHHIIGGLFSAGKAIHRLIRRRRR,25
SLFGTFAKMALKGASKLIPHLLPSRQQ,27
GVFGLLAKAALKGASKLIPHLLPSRQQ,27
KLGFENFLVKALKTVMHVPTSPLL,24
NLLGSLLKTGLKVGSNLL,18
GLKEVAHSAKKFAKGFISGLTGS,23
GWASSIGSILGKFAKGGAQAFLQPK,25
GWLPTFGKILRKAMQLGPKLIQPI,24
GVWSTILGGLKKFAKGGLDAIVNPK,25
GLLSNVAGLLKQFAKGGVNAVLNPK,25
GFMSKVANFAKKFAKGGVNAIMNQK,25
FIGALLRPALKLLAGK,16
GMATKAGTAFGKAAKAIIGAAL,22
GFREKHFQRFVKYAVPESTLR,21
FPFFNQYVKL,10
FPWFNQYVXL,10
FPWFNQYVKL,10
FPWWNQYVXL,10
FPWWNQYVKL,10
KWXWKXVKXAK,11
KAXWKXVKXAK,11
KWXWKXAKXAK,11
VGALAVVVWLWLWLW,15
GKGLXXGRXXGFXXGRXXGFXXGRXXGKR,29
GALWKTLLKKVLKA,14
ECKFTVKPYLKRFQVYYKGRMWCP,24
FFSLIPSLVGGLISAFK,17
GVFDIIKDAGKQLVAHATGKIAEKV,25
FLGMLLHGVGHAIHGLIHGKQNVE,24
VVMKLGKAFVPIGKWKKDGI,20
FLKGIKGMLGKLF,13
FLKGIVGKLGKLF,13
FLKGIVGMLGKLL,13
FLKGIKGMLGKLL,13
FLKGIVGMLGKLW,13
FLSLIPHIVSGVASLAKHF,19
FLSLIPHIVSGVASLAIHF,19
FLSMIPHIVSGVAALAKHL,19
KRFKKFFKKVKKSV,14
KKRLKKIFKKPMVIGVTIPF,20
QSHLSLCRYCCNCCRNKGCGYCCKF,25
IWGLIAHGVGHVGRLIHGLIRG,22
NGNLLGGLLRPVLGVVKGLTGGLGKK,26
GNGNLLGGLLRPVLGVVKGLTGGLGKK,27
ALWTTMLKKLGKMALHAGKAALGAAADTI,29
ALWKTMLKKLGTMALHAGK,19
ALXKTMLKKLGTMAL,15
ALHKTMLKKLGTMAL,15
KALXKTMLKKLGTMAL,16
FFFHIVKGLFHAGRMIHGLV,20
IFGLLLHGAIHVGKLIHGLVRRH,23
FFRHIKSFWKGAKAIFRGARQG,22
GFVALLKKLPLILKHLH,17
NLLNDALGTVNGLLGRS,17
NLLNKALGTVNGLLGRS,17
NLLKSALKTVNKLLAAS,17
GCRRLCYKQRCVTYCRGR,18
GKGLXXFKXXKFXXFKXXKFXXFKXXFKR,29
GKGLXXGKXXGFXXGKXXGFXXGKXXGKR,29
GKGLXXGLXXGKXXGLXXGKXXGLXXGLR,29
GKGLXXGKXXGLXXGKXXGLXXGKXXGKR,29
FFSLIPKLVKGLISAFK,17
FFKLIPKLVKGLISAFK,17
XAAQYI,6
FFSLIPSLVKKLIKAFK,17
FFKLIPKLVKKLIKAFK,17
KLKNFAKGVAQSLLNKASCKLSGQC,25
LPKPPKPVSKMRMATPLLMQALPM,24
HRRQGPIFDTRPSPFNPNQPRPGPIY,26
ASWKVFLKNIGKAAGKAVLNSVTDMVNQ,28
GIRIIPVIIPGYKKWARLIKRGLSRLGG,28
XXXVXAAXXXX,11
FLGAILKIGHALAKTVLPMVTNAFKPKQ,28
FIGTLIPLALGALTKLFK,18
YLPKVLHQTPGHLKP,15
FTKIYGSRLQKVLGN,15
FWGTLAKWALK,11
FWGTLAKWALKAI,13
FWGTLAKWALKAIPAAMGMKQNK,23
GLKDWWNKHKDKIVKVVKEMGKAGINAAGK,30
KLGALWNVAKSVF,13
FLGALWNVKKSVF,13
KLGALWNVAKSKF,13
FLKALWKVAKSVF,13
FLKALWNVAKKVF,13
FLGALWKVAKKVF,13
FLKALWKVAKKVF,13
GFLDVLKGVGKAALGAVTHLINQGEQ,26
XSXX    XSXX,12
ATPFVPP,7
LFPXSXP,7
FPXFSPX,7
WPISFVP,7
IIILPPXP,8
GVLAL,5
GVLAY,5
GVLAM,5
PFXXX,5
NLRTYKKRYMFY,12
YNKKYMKHLKPCKKA,15
YNKKYRYHLKSCKKADK,17
IWGLIAHGVAHVGSLIHGLVNG,22
GFLDTLKNIGKTVGRIALNVLT,22
XFVXFV,6
XFXXFX,6
XXXXXX,6
PFXPFX,6
ELLLDLI,7
XAAQYV,6
CCVLI,5
DXXXDGDGXVP,11
X    X    X,11
XX    XX,8
VX    VX,8
GX    GX,8
GFFGTFF,7
GILGSIIL,8
GGTIIFGF,8
GLLLTPW,7
AIMGIPIL,8
XGAXXQVVXGLXPLXXQ,17
XNLXPSVXPXLXP,13
XGVXGGVXGI,10
LALVYLVXVLVXLVV,15
LALVYLVTVLVXLVV,15
LALVYLVTVLVTLVV,15
LALVYLVXVLVTLVV,15
LXVXGISLX,9
XFXPIXLX,8
AXXXX,5
XXXX    XXXX,12
XSXX    XXXX,12
XKXX    XKXX,12
XSXX    XKXX,12
XCXX    XCXX,12
XXXX    XCXX,12
FFVVVLV,7
FFVVVFV,7
LFAIIFV,7
APRWKFGKRLEKLGRNVF,18
GFLDVIKHVGKAALSVVSHLINE,23
RRRRRRRRRPKIIQSVGISXKX,22
PKIIQSVGISXKXRRRRRRRRR,22
GRKKRRQRRRPPQPKIIQSVGISXKX,26
RRRRRRRRRPKEIQSKGISXKX,22
RRXRRXRRXPKEIQSKGISXKX,22
ADSRNPLEEEFRETNYEEF,19
ADDRNPLEECFRETDYEEFLEIAKNGLSTT,30
ADDINPKEECFFEDDYYEFE,20
ADDKNPLEECFCEDDDYCEG,20
ADDRNPLEEFRENNYEEFL,19
HGVSGHGQHGVHG,13
SCNCVCGVCCSC,12
MDVVRTLILCVCLFGLTFA,19
PAAAAQAVAGLAPVAAEQ,18
ADPRNPLEECFRETD,15
AGKKTIRQYWKNKIKKKGRKAVIAW,25
AGANRLTKELLEYLRKFGKIARKWW,25
AGSERIAKELKKYIKKGKKWIRAAW,25
AGRQALTLYLKEELRKRGKIAFKWW,25
GLPCGETTCFTGKCYTPGCSCSYPICKKIN,30
AGKEKIRKKWKNEIKKKGRKAVIAW,25
AGKETIRQFLKKKIQEKGKIAKRAW,25
AGKKTIRQYLKNKIKKKWRKAVIAW,25
GIPCGESCVWIPCLTSAIGCSCKSKVCYRN,30
AWTEKIFQRLKKTIQEGKKIAKRAW,25
AGWQRLTKELLEYLRKFGKIARKAW,25
AKRQALTLYLKEELRKRGKKAFIAW,25
AGRQTIKAYLRREIRKVGRKARIWW,25
AGRQWLTLELKEYLRKRGKKAFIAW,25
AGRQALTLYLKEELRKRKKIAFKAW,25
GLLSVLGSVAKHVLPHVVPVIAEHL,25
TRSSRAGLQFPVGRVHRLLRK,21
AGKEKIRQYWKNEIKKKGRKAVIAW,25
WGKETIFQRLKKKIQEKGKRATIAW,25
AGAQRLTKELLEYLRKFGKIWRKAW,25
WGRQALTLYLKEELRKRGKIAFKAW,25
AGTQRIKAYLRREIRKRGRKWVIAW,25
AWKETIRKYLKNEIKKKWRKAVIAW,25
AGKERIRQFLKKKIQEKGKRATIAW,25
AGTEKIFNRLKKTINEWKKIAKRAW,25
AGWQRIAKELRRYIRKVGRIARKAW,25
WGTEKIRQFLKKKIQEKGKRATIAW,25
AGANRLTKELLEYLRKFWKIARKAW,25
AGKEKIRQYLKNEIKKKGRKWVIAW,25
AGKETIRQFLKKRIQEKGKRAKIAW,25
AWTQRIAKELRRYIRKVGRIARKAW,25
AGRQWLTLYLKEELRKRGKKAFIAW,25
AGANRLTKELLEYLRKFKKIARKAW,25
AGKEKIRKKLKNEWKKKGRKAVIAW,25
AGRQALWLYLKEELRKRGKIAFKAW,25
WGRQALTKYLLEELRKRGKKAFIAW,25
KRIVQRIKDFLR,12
AGKETIRQYLKNKIKKKWRKAVIAW,25
LIGPVLGLVGSALGGLLKKI,20
AGAQRLTKELLEYLRKFGKIARKAW,25
GIPCGESCVWIPCISAAIGCSCKSKVCYRN,30
AGAQRLTKELLEYLRKFWKIARKAW,25
RRQRSICKQLLKKLRQQLSDALQNNDD,27
AWTQRIKAYLRREIRKRGRKAVIAW,25
AGRQTIKAYLRREIRKRGRIAVKAW,25
AGKETIRQFLKKKIQEGKKRATIWW,25
AGRQALTLYLKEELRKRWKKAFIAW,25
AGKEWIFQRLKKKIQEKGKRATIAW,25
GLPVCGETCTLGTCYTQGCTCSWPICKRN,29
WGAQRLTKELLEYLRKFGKIARKAW,25
AWKETIRKYLKNEIKKKGRKAVIAW,25
AWTEKIFNRLKKTINEGKKIAKRAW,25
KWKLFKKIGIGAVLKVLT,18
AGKETIRQKWKNEIKKKGRKAVIAW,25
AGKKTIRQYLKNKIKKKGRKAVWAW,25
KWKLFKKIGIGAVLKVLTTG,20
AGKEKIRQYLKNEIKKKGRKAWIAW,25
AWKEKIRQYLKNEIKKKWRKAVIAW,25
AGRQALWLYLKEELRKFGKKARIAW,25
AGRQWLTLYLKEELRKRGKIAFKAW,25
AGKKTIRQYLKNKIKKKGRKWVIAW,25
GIPCGESCVWIPCISSAIGCSCKSKVCYRN,30
WGKETIRKYLKNEIKKKGRKAVIAW,25
GMASKAGAIAGKIAKVALKAL,21
AGTQRIKAYLRREIRKRGRKAVIAW,25
AGWQRIKAYLRREIRKRGRKAVIAW,25
AGRQALTLELKEYLRKRWKKAFIAW,25
AGRQTIKAYLRREIRKVKRKARIAW,25
AGRQALKKYLLEELRKRGKKAFIAW,25
AGKETIRQYLKNEIKKKGRKAVIWW,25
AGTNRIAKELRRYIRKVGRIKRKAW,25
AGRQALTLYLKEELRKFKKKARIAW,25
AGKETIRQFLKKKIQEGKKRATIAW,25
AKAQRLTKELLEYLRKFGKIARKAW,25
AGRQTIKWELRRYIRKRGRKAVIAW,25
AGTEKIFNRLKKTINEGKKIAKRWW,25
GLVPCGETCFTGKCYTPGCSCSYPICKKN,29
AGAQRLWKELLEYLRKFGKIARKAW,25
AWKKTIRQYLKNEIKKKGRKAVIAW,25
AGTEKIFQRLKKWIQEGKKIAKRAW,25
AGKKTIRQYLKNEIKKKGRKAVIWW,25
AGRQTIAKYLRREIRKRGRKAVIAW,25
GLPVCGETCFGGTCNTPGCSCSSWPICTRN,30
AGKETIRQKLKNEIKKKGRKAVIAW,25
AGKETIRQFLKKKIQEKGKRATIWW,25
AGRESIKAYLKKEIKKKGKRAVIAW,25
LLGPVLGLVGSALGGLLKKI,20
AGRESIKAYLKKEIKKWKKRAVIAW,25
AGANRLWKELLEYLRKFGKIARKAW,25
AKRQTIKAYLRREIRKRGRKAVIAW,25
GLPVCGETCFGGTCNTPGCSCTWPICTRD,29
FLPLLAGLAANFLPTIICKISYKC,24
GLWSKIKTAGKSVAKAAAKAAVKAVTNAV,29
AGTQRIAKELRRYIRKVGRIARKAW,25
AGRQWIKAELRRYIRKRGRKAVIAW,25
AGKETIRQYLKNEIKKKGRKAWIAW,25
AGRQTIKAYLRREIRKRGRKKVIAW,25
AGRQALTLELKEYLRKRGKKWFIAW,25
TPCGESCVYIPCISGVIGCSCTDKVCYLN,29
AGKETIRQFLKKKIQEWKKRATIAW,25
AGTQRIKWYLRREIRKRGRKAVIAW,25
AGTNRIWKELRRYIRKVGRIARKAW,25
AGANRLTKELLEYLRKFGKIARKAW,25
AGKKTIRQYLKNEIKKKGRKAVWAW,25
AGKETIFWRLKKKIWEKGKRATIAW,25
WGKETIRQYLKNKIKKKGRKAVIAW,25
AGRQALTLYLKEELRKRGKIAFKAW,25
WGAQRLTLYLKEELRKRGKKAFIAW,25
AWKETIRQYLKNKIKKKWRKAVIAW,25
AGANRLTKELLEYLRKFGKIWRKAW,25
AGKETIRKYLKNEIKKKGRKAVWAW,25
AGKETIRQYLKNEIKKKGRKAVWAW,25
AGRQALWKYLLEELRKRGKKAFIAW,25
AWKETIRQFLKKKIQEGKKRATIAW,25
AGKEKIRKKLKNEIKKKGRKAWIAW,25
AGRQALTLYLKEELRKFWKKARIAW,25
FLGALFKVASKVLPSVFCAITKKC,24
AGKETIFQRLKKKIQEKWKRATIAW,25
AWKETIRQYLKNEIKKKWRKAVIAW,25
AGTEKIFNRLKKWINEGKKIAKRAW,25
WGKETIRQFLKKKIQEKGKIATRAW,25
AWRESIKAYLKKEIKKGKKRAVIAW,25
KRIVQRIKDFLRNLVPRTES,20
AGTQRIWKELRRYIRKVGRIARKAW,25
AGRQALTLYLKEELRKRGKKWFIAW,25
AKAQRLTLYLKEELRKRGKKAFIAW,25
AGRQALTKYLLEELRKRGKKWFIAW,25
AGWNRLTKELLEYLRKFGKIARKAW,25
AWAQRLTKELLEYLRKFGKIARKAW,25
AGKKTIRQYLKNEIKKKGRKAVIAW,25
AGAQRLWLYLKEELRKRGKKAFIAW,25
FLGGLIKIVPAMICAVTKKC,20
SCTTCVCTCSCCTT,14
AGRQTIKAELRRYIRKRGRKAVIWW,25
AGKKTIRQYLKNEIKKKGRKAWIAW,25
AGWNRIAKELRRYIRKVGRIARKAW,25
FLGGLMKAFPAIICAVTKKC,20
AGKEKIRKKLKNEIKKKGRKWVIAW,25
FFHHIFRGIVHVGKTIHKLVTG,22
VFDIIKDAGRQLVAHAMGKIAEKV,24
AGKETIRQFLKKKIQEKKKRATIAW,25
AGKEKIRQFLKKKIQEGKKRATIAW,25
VFDIIKDAGKQLVAHAMGKIAEKV,24
AGRESIKKYLKKEIKKKGKVARIAW,25
ALWKTLLKNVGKAAGKAALNAVTDMVNQ,28
AGRESIKAELKKYIKKKGKRAWIAW,25
AGRQALKLYLKEELRKRGKKAFIAW,25
AGTQRIAKELRRYIRKVWRIARKAW,25
AWRESIKAELKKYIKKKGKRAVIAW,25
AGKETIRKYLKNEIKKKGRKAVIAW,25
AGRQALTLYLKEELRKFGKKWRIAW,25
AGTEKIFQRLKKTIQEGKKIAKRAW,25
AWTNRIAKELRRYIRKVGRIARKAW,25
AGKETIRQYLKNKWKKKGRKAVIAW,25
RKGWFKAMKSIAKFIAKEKLKEHL,24
AGKKTIRQYLKNKIKKKGRKAWIAW,25
AGRQALTLYLKEELRKRWKIAFKAW,25
AGRQALTKYLLEELRKRGKKAFIAW,25
AGKETIRWFLKKKIWEGKKRATIAW,25
AWANRLTKELLEYLRKFGKIARKAW,25
AWKETIRQFLKKTIQEKGKRAKIAW,25
WGRQALTLELKEYLRKRGKKAFIAW,25
LDPICMAKCVLKCGKKAWCLTKCIAGC,27
AGRQTIKAYLRREIRKRKRKAVIAW,25
AGKETIRQFLKKTIQEGKKRAKIWW,25
FKRIVQRIKDFLR,13
AGRQTIKAELRRYIRKRGRKWVIAW,25
AGRQALTLYLKEELRKFGKKARIWW,25
AWKKTIRQYLKNKIKKKWRKAVIAW,25
WGTEKIFQRLKKTIQEGKKIAKRAW,25
WGKKTIRQYLKNEIKKKGRKAVIAW,25
DKGRRRSKFVLHRRQCAN,18
AGAQRLTLYLKEELRKRGKKAFIAW,25
AGWQRLTLYLKEELRKRGKKAFIAW,25
AWKKTIRQYLKNEIKKKWRKAVIAW,25
AGAQRLTLYLKEELRKRWKKAFIAW,25
AWKETIFQRLKKKIQEKGKRATIAW,25
AGKKTIRQYLKNKWKKKGRKAVIAW,25
AGKETIRQFLKKKIQEKGKIATRWW,25
WGKETIRQKLKNEIKKKGRKAVIAW,25
AGRQALWLELKEYLRKRGKKAFIAW,25
AGRQWLTLYLKEELRKFGKKARIAW,25
AGRESIWKYLKKEIKKGKKRAVIAW,25
WGRQTIAKYLRREIRKRGRKAVIAW,25
AGSERIAKELKKYIKKWKKVIRAAW,25
WGRQTIKAYLRREIRKRGRIAVKAW,25
AGRQTIKAELRRYIRKRGRKKVIAW,25
AGRQALTKYLLEELRKRGKKAFIWW,25
AWRQTIAKYLRREIRKRGRKAVIAW,25
AGRQWLTKYLLEELRKRGKKAFIAW,25
AGKETIFQRLKKKIQEKGKRATIAW,25
WGRESIKAYLKKEIKKGKKRAVIAW,25
AGTNRIAKELRRYIRKVGRIARKWW,25
AGTNRIAKELRRYIRKVWRIARKAW,25
ACYCRIPACIAGERRYGTCIYQGRLWAFCC,30
AGTEKIFQRLKKTIQEWKKIAKRAW,25
AGKETIRQYWKNKIKKKGRKAVIAW,25
AGRQALTLELKEYLRKRGKKAFIAW,25
KWKLFKKIKFLHSAKKF,17
GFLDVLKGVGKAALGAVTHLINQ,23
GTLPCESCVWIPCISSVVGCSCKSKVCYKN,30
AGANRLKKELLEYLRKFGKIARKAW,25
AGKEKWRKKLKNEIKKKGRKAVIAW,25
AGKEKIRQYLKNEIKKKGRKAVWAW,25
GLFKVLGSVAKHLLPHVVPVIAEK,24
AGKEKIRQFLKKTIQEKGKRAKIAW,25
GWASKIGQTLGKIAKVGLKELIQPK,25
AGRQALWLYLKEELRKRGKKAFIAW,25
AGRQALTKYLLEELRKRWKKAFIAW,25
AISCGQVSSAIGPCLSYARGQGSAPSAGCC,30
ALWKNMLKGIGKLAGKAALGAVK,23
CSTNTFSLSDYWGNNGAWCTLTHECMAWCK,30
FLPGLIKAAVGVGSTILCKITKKC,24
FLPGLIKVAVGVGSTILCKITKKC,24
FLPMLAGLAANFLPKIICKITKKC,24
FLPVLGKVIKLVGGLL,16
FLSGILKLAFKIPSVLCAVLKNC,23
FLTGLIGGLMKALGK,15
GAPKGCWTKSYPPQPCFGKK,20
GWANTLKNVAGGLCKITGAA,20
RILTMTKRVKMPQLYKQIVCRLFKTC,26
SIITMTKEAKLPQLWKQIACRLYNTC,26
SSMKLSFRARAYGFRGPGPQL,21
CLGIGSCNDFAGCGYAIVCFW,21
CLGIGSCNDFAGCGYAVVCFW,21
CLGVGSCNDFAGCGYAIVCFW,21
CLGVGSCNDFAGCGYAVVCFW,21
CYCRIPACIAGERRYGTCIYQGRLWAFCC,29
DCYCRIPACIAGERRYGTCIYQGRLWAFCC,30
EQCREEEDDR,10
FFGSLLSLGSKLLPSVFKLFQRKKE,25
FFGSVLKLIPKIL,13
FFHHIFRGIVHVGKTIHRLVTG,22
FIGAIARLLSKIF,13
FISAIASMLGKFL,13
FKCRRWQWRMKKLGAPSITCVRRAF,25
FLFPLITSFLSKVL,14
GFCRCICTRGFCRCICTR,18
GFCRCLCRRGVCRCICTR,18
GFKDLLKGAAKALVKTVLF,19
GFKRIVQRIKDFLRNLV,17
GFLSILKKVLPKVMAHMK,18
GFPCGESCVFIPCISAAIGCSCKNKVCYRN,30
GICRCICGRGICRCICGR,18
GICRCICGRRICRCICGR,18
GIGGKILSGLKTALKGAAKELASTYLH,27
GIGGVLLSAGKAALKGLAKVLAEKYAN,27
GIGTKILGGVKTALKGALKELASTYAN,27
GIPCAESCVWIPCTVTALVGCSCSDKVCYN,30
GRFKRFRKKFKKLFKKLSPVIPLLHLG,27
IWSAIWSGIKGLL,13
KFEPPLPPKKAHKKFWEDDGIYYPPNHNFP,30
QRSVSNAATRVCRTGRSRWRDVCRNFMRR,29
GIIKKIIKKI,10
GIIKKIIKKIIKKIIKKI,18
KPLLKKLLKKL,11
KLLKKPLKLKL,11
KLIQIRIWIQYVTVLQMFSMKTKQ,24
GIIKKI,6
GIIKKIIKKIIKKI,14
KWKKLLKKPLLKKLLKKL,18
LSGRARDDVRAWATR,15
YSCGCKCCFGCQCKRCSCRNHLNYL,25
EGVKSKLNIVCNEIGLLKSLCRKFVNSHIW,30
AMVSEFLKQAWFIENEEQEYVQTVK,25
GIGAILKVLATGLPTLISWIKNKRKQ,26
GRKKRRQRRRPPQ,13
GTILGVF,7
INWLKLGKAIIDAL,14
KKLAKALKLLALLWLKLAKALKKA,24
KKLAKALKLLAPLWLKLAKALKKA,24
KKLAKALKLPALLWLKLAKALKKA,24
KKLAKAPKLLALLWLKLAKALKKA,24
KKLALALKKLALLWKKLALALKKA,24
KKLALALKKLAPLWKKLALALKKA,24
KKLALALKKPALLWKKLALALKKA,24
KKLALAPKKLALLWKKLALALKKA,24
KKLALLALKKWLPALKKLALLALKK,25
KKLKLALAKLALLWKALALKLKKA,24
KKLKLALAKLAPLWKALALKLKKA,24
KKLKLALAKPALLWKALALKLKKA,24
KKLKLAPAKLALLWKALALKLKKA,24
KWKSFLKTFKSLKKTVLHTLLKAISS,26
LLIILRRRIRKQAHAHSK,18
PALTTYGA,8
PGGVLSYY,8
PGGVLSYYY,9
PMTAIVGY,8
PPITGLMQ,8
PVPGSFG,7
RQIKIWFQNRRMKWKK,16
RRWQWRMKKLG,11
GLLSGILGAGKKIVF,15
FLHHIVGLIHHGLSLFGDRAD,21
MPRYRLFRRIDRVGK,15
KFPKFRRGIPFLFV,14
GWGSFFKKAAHVGKHVGKAALTHYL,25
QGILRAGPAIALVGDARAVG,20
VKLFPWFNQY,10
ATVSIC,6
RRRPRPPYLPR,11
KWPKFKKGIPWLFV,14
KWKSFIKKLTSAAKKVVTTAKPLISS,26
ILPFKFPFFPFRR,13
VKLFPWWNQY,10
IASASCTTCICTCSCSS,17
GIGAVLKVLTTGLKWKLFKKIEKVGQ,26
GAHHAADGC,9
LIIFVPPFF,9
KWKKFKKGIGKLFV,14
GSSFLSPEHQLAQQRKESKKPPAKLQPR,28
IIKQTCTCYRK,11
AIILVPAFF,9
SDLGAVISLLWGRQLFA,17
CGAHHAADAHHAADGC,16
ERTEESWGRRFWRRGEAC,18
ECRRLCYKQRCVTYCRGR,18
SYSMEHFRWGKPV,13
GFRKFHKFWA,10
KWKKALRALARHLK,14
SIGRRGGYCAG,11
RRIPRPILLPWRPPRPIPRPQPQPIPRWL,29
ALWMTLLKKVLKAAAKALNAVLVGANA,27
LALALKHALHKALLLAKHLAHKLALA,26
LISWIKRKRQQGIGAVLKVLTTGL,24
KCCRCK,6
SDVISLLLWGRQLFA,15
ITGCIC,6
RGLRRLGRKIAHTVKKYG,18
RGGRLCYCRRRFCVCVGR,18
NPPDHSAPLGATRPSAPPLPHVVDLPQLGP,30
KNLRRIIRKGIHIIKKYG,18
ALWDTLLKKVLKAAAKAALDAVLVGANA,28
GKKLALALALALALALALALKKA,23
EEPHKAASAEGKK,13
WYCRCK,6
GLWSTIKNVGKEAAIAAGKAALGA,24
QGILR,5
KKALLKHALHKLALLAKHLAHKLKKA,26
WRWYCRCK,8
KKALLAHALHLLALLALHLAHALKKA,26
LIILVPPFF,9
FTGCMC,6
KWKSFLKTFKSAVKTVLHTALKAISS,26
LIILVPAFF,9
KNLRRIIRKIIHIIKKYG,18
GNNRPVYIPQPRPPHPRL,18
SDLGAVISLLLWGRQLFA,18
GLWSTIKQKGKEAAIAAAKAAGQAALGA,28
AKLIALTLLGMGLALFRNHQS,21
SDLGAVISWGRQLFA,15
AGPAIALVGDAR,12
HSDAVFTDNYTRLRKQMAVKKYLNSILN,28
CGAHHAADAHHAADAHHAADGC,22
LVCHPAVPALLCAR,14
LIILVPPAY,9
DNSDNMF,7
AVAVVGQATQIAKKWKLFKKIEKVGQ,26
VKLFPFFNQY,10
GIGKFLHAAKKFAKAFVAEIMNS,23
